id,label,weight
12,Workshop,12
29,zielen,3
9,Sinn,1
17,fair,2
25,prinzipien,4
6,Hinblick,4
22,konkret,8
11,Vernetzung,4
18,geist,1
15,daten,34
5,Erstellung,5
26,sogenannter,12
2,Beacon,1
1,Basis,12
19,gemeinsam,14
7,Normdatei,1
30,zunachst,1
3,Beispiel,10
27,vorgefuhren,1
20,grundlegend,2
28,vorgehen,3
16,erlautern,1
8,Schwerpunkt,2
23,liegen,7
14,allerdings,5
24,praktisch,6
0,Anwendung,7
21,hands_on,3
4,Erprobung,2
13,abgerundet,1
10,Veranstaltung,1
56,ganztagig,1
53,erlangen,2
65,teilnehmend,4
51,erforderlich,2
61,kenntnisse,1
41,Tools,15
42,Vielzahl,3
44,anbieten,3
46,auszuwahlen,1
49,dabei,31
63,legen,3
48,besonderer,4
32,Fokus,6
35,Open,2
36,Produkt,1
64,ocr,5
31,Einfuhrung,3
39,Technologie,6
54,folgen,1
40,Teil,7
60,jeweilig,3
38,Stunde,1
50,demonstrieren,1
45,ausprobiert,1
52,erganzen,3
62,kurz,4
34,Inputvortrage,1
33,Frage,22
57,geeignet,6
43,Workflow,4
59,hinweisen,2
47,beachten,1
58,gelten,7
55,fur,62
37,Projekt,49
83,beruhren,1
96,inzwischen,2
80,bereich,3
78,Wissenschaft,5
103,wahrend,4
95,insbesondere,17
88,digital_humanities,40
87,digital,67
69,Art,4
66,Anfalle,1
71,Forschungsdat,3
85,bezeichnen,2
93,geben,18
67,Antragstellung,1
81,bereits,12
70,Erstellt,1
77,Umgang,7
75,Projektlaufzeit,2
94,genau,7
92,erfassen,4
79,aspekt,6
97,klimaschutzes,1
82,berucksichtigen,6
105,zeitgleich,1
101,steigend,2
68,Anzahl,3
74,Methode,25
100,schreiten,1
73,Klimakrise,1
84,beruhrt,1
98,menge,1
89,digitaler,5
102,technisch,13
99,prozeß,2
86,daher,12
104,workshop,3
76,Prozess,2
72,Grun,1
90,diskutieren,19
91,entwickeln,20
116,Grundlage,4
111,Forschung,31
128,Verfugbarkeit,4
124,Text,40
106,Anforderung,2
133,einfach,3
137,erfullt,1
143,historisch,29
126,Transformation,4
122,Reprasentation,5
154,realisier,2
150,maschinell,3
118,Lernen,2
129,automatisch,8
125,Texterkennung,5
134,enorm,1
140,fortschreiten,1
159,vollziehen,2
131,betreffen,2
112,Genauigkeit,1
142,hierbei,1
146,kommen,4
151,methode,1
109,Einsatz,9
120,Paradigma,1
148,lernen,5
130,beispiel,3
110,Folge,1
119,Notig,1
156,treiningsdaten,1
113,Ground,1
117,Gt,1
135,erfolgen,1
114,Großteil,3
149,manuell,7
136,erfordern,3
144,hoch,5
160,zeitlich,2
139,finanziell,1
107,Aufwand,2
115,Grund,3
153,pflegen,1
157,vermitteln,5
141,gt,2
123,Richtlinie,2
145,kollaborativ,6
108,Datenkultur,2
158,verpflichtend,1
127,Umgebung,1
138,erstellen,10
155,sicherstell,1
152,minimieren,1
121,Rahmen,17
132,deutsch,14
147,leben,2
193,op,3
166,Forscher,5
187,gezielt,1
176,Tool,3
199,services,1
201,such,2
191,konn,10
173,Service,2
188,gut,8
178,auffindbar,2
168,Konn,21
179,ausfuhrlich,1
170,Metadat,3
197,referenz,1
171,Publikation,5
163,Datensatz,4
208,workflow,2
189,herstellen,2
194,orientieren,2
165,Form,9
206,vorgehensweise,1
182,beschrieben,2
186,gewunscht,1
164,Ergebnis,16
185,erreich,1
202,unterteilt,1
198,schritt,2
174,Steps,1
207,vornehmen,2
167,Fragestellung,8
180,beantworten,1
172,Schritt,8
204,verknupfen,2
177,Umsetzung,2
205,verwenden,3
200,somit,2
184,erhalten,4
169,Kontext,11
181,beispielhaft,1
203,verbessert,3
161,Auffindbarkeit,1
192,moglich,10
162,Aufzeigt,1
175,Teilnehmer,7
190,innen,13
183,einladen,1
195,praktik,2
196,publizieren,5
229,computationelle,1
222,Verfahren,7
250,selten,1
232,erkenntnisreich,1
249,qualitativ,3
221,Untersuchung,7
231,einhergehen,1
248,meist,2
224,Zweck,2
218,Mensch,3
217,Maschine,2
241,interaktionen,1
254,umsetzen,1
258,verandern,3
233,erkenntnissen,1
236,erweiterungen,1
240,immer,5
259,wenig,3
237,evaluiert,2
213,Konsequenz,2
251,setzen,8
256,untersuchen,15
226,aufbauend,2
228,bisherig,5
219,Studie,7
212,Hermeneutische,1
238,exemplarisch,3
239,heranziehen,1
257,unuberwacht,1
247,maschinelles,2
227,besonders,4
245,komplexe,1
242,kaum,3
235,erschlossen,3
246,korpora,1
255,untersuch,5
244,kombinieren,4
215,Manuell,2
209,Annotation,6
220,Tradition,2
210,Annotationstool,2
253,umgesetzt,2
223,Zusammenspiel,1
216,Manuelle,2
243,kenn,1
211,Gestalt,1
234,erkenntniß,1
225,anschluss,1
230,eigen,5
214,Korpora,7
252,ubertragbar,1
288,konzentrieren,1
265,Erforschung,8
275,basiert,4
274,anwendung,2
293,models,4
263,Digitaler,12
280,edition,4
291,mindestens,1
268,Juli,1
286,fuhrend,1
270,Modell,7
277,bieten,16
283,erheblich,2
294,potenzial,4
272,Umwandlung,1
297,strukturiert,2
266,Erkennung,4
276,benannt,1
264,Entitat,2
279,dennoch,2
290,liefern,3
278,bislang,5
298,unbefriedigend,1
296,sorgfaltig,1
271,Uberwachung,1
285,feedbacksystem,1
299,unerlasslich,1
267,Integration,2
261,Arbeitsablauf,1
287,jedoch,9
289,konzeptionell,6
273,Vorstudien,1
260,Anbetracht,1
295,rasanten,1
282,entwicklung,4
269,Ladt,2
284,experimentieren,1
281,effektiv,1
292,modell,3
262,Digital,3
309,Einstieg,2
303,Bezug,1
301,Analyse,19
320,frei,2
313,Objekt,5
307,Dnb,1
314,Uberblick,5
324,uber,41
326,vielseitig,1
305,Datenangebot,1
316,Ziel,21
315,Workshops,2
318,automatisiert,8
300,Abfrag,1
325,verschieden,30
322,offen,9
304,Bezugsweg,1
306,Datenformat,1
308,Einblick,5
317,arbeit,3
302,Bestand,1
312,Normdat,3
319,bearbeiten,2
321,grundlag,1
310,Entwicklung,26
327,weit,17
311,Forschungsidee,1
323,schaffen,6
328,AG,7
340,Theorie,4
332,Halbtagigen,1
352,format,1
342,Theoriebezugs,1
333,Lehre,7
353,gegenstande,1
349,erstellt,7
359,read,1
334,Paneldiskussion,1
350,expern,1
361,studiengang,3
336,Raum,6
356,konzipieren,3
329,Bzw,6
357,koordinieren,1
351,explizit,4
341,Theoriebezug,1
362,theoretisch,4
331,Grundlag,1
354,haufig,4
355,herangezog,1
344,Verstandnis,6
364,zugrunde,3
337,Reflexion,2
335,Praxis,5
339,Textsammlung,1
348,einzeln,5
347,disziplin,6
330,Gegenuber,1
358,positionieren,1
363,thes,2
346,aktuell,17
338,Stand,2
360,rolle,1
343,Vadis,1
345,Wagen,1
379,derzeit,6
372,Million,1
376,artikeln,1
395,sprachversion,1
387,information,1
378,datenressource,1
380,entdecken,1
381,enzyklopadisch,1
367,Beitrage,3
392,metadat,3
390,literatur,1
389,literarisch,11
370,Lebe,1
398,versammeln,1
366,Autor,6
373,Werk,4
386,genr,1
382,epoch,2
394,relevant,9
388,kategorien,1
365,Auswertung,11
393,metriken,1
384,ermoglicht,6
371,Literatur,2
385,evaluierbar,1
377,aussagen,1
369,Kanonizitat,1
374,Zentrum,4
396,stehen,12
368,Funktionsweise,1
399,vertraut,1
391,machen,8
397,sukzessive,1
375,abfrageskript,1
383,erarbeiten,6
415,austausch,2
419,dafur,5
424,hand,1
407,Machtig,1
425,kommerziell,1
411,Social,1
408,Plattforme,1
416,begeben,1
405,Fediverse,2
429,stellen,30
402,Dezentrale,1
412,Software,4
428,schnittstellen,2
417,beruhend,1
400,Alternative,1
420,dar,10
421,erster,12
432,zweiter,4
414,aussehen,2
422,finden,8
413,Thema,7
409,Posten,2
423,halbtagig,1
431,widmen,5
410,Sicht,3
404,Erkundung,1
403,Diskussion,10
406,Instanz,2
426,neu,22
401,Autodone,1
430,vorstellen,9
427,praxisubung,1
418,bringen,5
457,erkenntnisse,3
435,Ermoglicht,3
469,vormodern,1
442,Sprache,10
464,sprechen,4
460,global,3
443,Suden,2
451,analytisch,1
448,Zugriff,1
433,Bereich,12
458,erlauben,8
461,losung,1
453,bereichen,2
437,Event,1
438,Extraktion,1
444,Topic,2
446,Webanwendung,2
455,darauf,4
454,bestehend,6
467,ubergreifend,1
468,verbinden,5
449,aktuellen,1
436,Etablierung,1
450,allgemein,5
452,anwendbaren,1
445,Vielfalt,1
462,quell,2
440,Laden,1
439,Idee,2
456,erfahrung,4
434,Einzubring,1
465,standardisiert,1
463,schriften,1
466,tragen,2
441,Projektziel,1
459,erreichen,4
447,Zuganglicher,1
493,mögen,4
489,datenzentren,1
476,Kooperation,5
475,Institut,1
471,Bildung,2
482,Universitat,7
472,Forschend,3
474,Inklusion,1
488,datenmanagement,3
496,schaff,2
479,Mittelpunkt,2
481,Praktisch,1
490,erproben,4
487,bewerten,1
484,Zuganglichkeit,4
477,Kriterium,1
485,auftretend,2
492,hurd,1
470,Bereitstellung,2
483,Verwaltung,1
480,Nutzung,5
486,ausgewahlt,2
491,festgestellen,1
478,Losungsansatze,2
495,partizipativ,1
494,notigen,1
473,Impuls,2
509,beschaftigen,4
503,Erschließung,4
502,Erhaltung,2
500,Dokumentation,4
512,fruh,7
513,kulturerb,1
507,Verfall,1
504,Hardware,1
506,Herausforderung,7
501,Eminent,1
498,Ansatze,3
517,zahlen,2
511,emulatoren,2
516,ursprunglich,3
510,computersystem,1
514,modern,5
515,simulier,1
497,Ansatz,10
499,Arbeit,7
505,Heranzufuhr,1
508,anschließend,3
533,schwerpunken,1
521,Personendat,1
534,teilnehmerinn,1
530,nachnutzen,1
519,Graphdatenbank,2
529,integrier,1
518,Beziehung,6
526,entitat,1
524,analysier,2
522,Verfolgung,1
528,fragestellung,2
531,nutzen,10
523,Vorstellung,2
525,anschaulich,1
532,richten,3
527,forschend,12
520,Interesse,4
543,Film,3
577,videoanalysen,1
568,letzter,6
548,Jahr,22
573,stark,5
580,zunehmen,1
554,Videos,2
575,typischerweise,1
550,Multimodal,1
558,analys,2
570,nehmen,3
555,Zeit,7
536,Anspruch,4
560,deshalb,2
545,Informatik,3
569,method,6
551,Mustererkennung,1
549,Modalitat,1
537,Bedeutung,11
546,Information,10
564,intern,2
540,Dynamik,1
563,ganz,4
572,schreit,1
566,kunstlich,3
547,Intelligenz,2
567,lernens,1
571,schnell,4
544,Implementierung,3
576,umfassend,7
535,Abhilfe,1
579,webbasierte,1
552,Plattform,6
556,Zugang,4
574,systematisch,9
553,Videoanalyse,1
561,einzufuhr,2
541,Erfahrung,3
539,Datenimport,1
542,Export,2
578,vorzustellen,1
538,Daruber,5
557,aktiv,1
559,arbeiten,5
565,kooperieren,1
562,entwickl,1
608,vielfaltig,4
609,weisen,3
598,groß,16
586,Sprachmodelle,3
602,kommunizieren,1
590,annahmen,1
593,daruber,1
594,dh,4
599,hermeneutisch,4
601,instrument,2
582,Konstruktion,2
606,sprachlich,3
600,informiert,1
591,begrifflich,1
595,differenziert,1
596,erfass,1
588,Weise,3
597,fortschritt,1
583,Problem,6
604,scheitern,1
592,beschreib,1
603,leisten,2
584,Rekonstruktion,5
607,sprachmodellen,1
587,Theorieimport,1
589,Zusammenhangs,1
610,wissen,4
581,Blick,8
585,Rolle,6
605,spielen,4
633,profitieren,1
623,Verwendung,3
616,Etabliert,1
635,traditionell,2
612,Analog,2
618,Modellen,1
611,Abbildung,1
627,geoffnen,1
634,quellenbasierte,1
637,zunehmend,3
636,unverzichtbar,1
613,Arbeitsgruppe,2
628,grunden,1
621,Systematisier,1
620,Rationalisieren,1
630,methodik,1
619,Perspektive,5
625,beleuchten,6
617,Methodik,2
614,Computer,1
624,Vision,1
631,open,4
626,digitalen,2
622,Vermittlung,4
629,kulturell,5
615,Erbe,1
632,perspektiv,4
646,erortern,1
649,zielgruppen,1
640,Diskurs,1
643,Schwierigkeit,3
645,aufgreifen,2
642,Panel,1
644,agierend,1
648,vorhaben,1
650,zusammen,3
638,Aufbereitung,2
639,Benutzung,1
647,kontext,1
641,Gruppe,1
663,empirisch,5
654,Konferenz,1
651,Ausnahme,1
659,ausgestalten,1
655,Richtung,1
668,kunftig,2
662,eingeschlag,1
669,methodisch,3
656,Theoretische,2
673,uberlegungen,1
660,danach,1
671,naher,1
658,Zukunft,5
657,Zielfuhrend,1
652,Einbindung,3
666,hindern,1
664,eng,3
665,hangen,1
653,Identifikation,2
661,einbring,1
670,methodologisch,1
672,potential,3
667,identifizier,2
694,forschungsdat,2
681,Maßnahme,3
693,fdm,3
715,zuganglich,7
698,interoperabel,1
706,nachnutzbar,2
696,gestalt,1
686,Stelle,3
710,sog,1
701,lebend,4
712,system,1
714,zentral,7
713,trager,1
677,Erkenntnis,2
697,gleichwertigen,1
683,Output,1
679,Gewahrleistung,1
700,langfristig,3
678,Gehort,1
675,Datenzentr,1
709,sicherstellen,1
690,ebenso,2
689,Verantwortung,2
707,projektantragen,1
699,kritisch,6
692,evaluieren,1
703,mussen,2
695,gesamt,1
685,Projektverlauf,1
705,nachhaltig,3
674,Betrieb,1
676,Entwickelnder,1
687,System,1
684,Plane,1
691,entsprechend,4
688,Systemen,2
711,stakehold,1
702,muss,3
680,Hintergrund,9
682,Nachhaltigkeit,1
704,nachdenken,1
708,reflektieren,1
736,klein,6
733,fach,1
739,region,2
737,land,1
730,Welt,1
741,spezialisiert,1
724,Ressource,5
735,infrastruktur,5
722,Konfrontiert,1
732,bezieh,1
725,Schrift,3
729,Verwendbarkeit,1
721,Forderung,3
717,Aufbau,3
738,panelisen,1
716,Arabistik,1
740,romanistik,1
726,Sinologie,1
728,Ukrainistik,1
742,ungleichheit,1
719,Auswirkung,1
731,abschließend,2
727,Starkung,1
723,Multilingual,1
718,Ausgerichteter,1
720,Facher,3
734,formulieren,1
744,Beitrag,20
753,ergebnisse,2
755,gehen,5
761,vorkommnissen,1
749,Unzuverlassige,1
754,erzahlens,1
751,bestimmt,6
756,indikatoren,1
746,Emotionalitat,1
748,Unsicherheit,1
758,kommunikativ,2
747,Situation,1
750,befind,1
759,konzentriert,3
757,int,1
743,Agreement,1
752,ergebniss,10
745,Bezugnahme,1
760,liegend,3
762,zukunftig,2
782,schlagen,3
764,Atag,1
776,ausgehend,4
770,Modellierung,3
772,Property,1
779,grundmust,1
769,Kette,1
774,adressierbar,1
789,zeichenknon,1
765,Ebene,2
768,Grundmuster,1
783,schon,3
781,produktiv,1
777,dfg,1
778,eingesetzt,1
788,webbasiert,2
766,Editor,1
767,Eingabe,2
763,Anderung,1
787,vorhanden,4
773,Robustheit,1
780,lange,2
786,verwendet,1
784,standoff,1
785,verbund,1
771,Moglichkeit,8
775,annotiert,5
806,beschreiben,6
814,relevanter,1
791,Conciliator,1
792,Differentiarum,1
800,Philosophorum,1
797,Gegenstand,1
790,Augenmerk,1
794,Erorterung,1
807,einsatz,2
812,konzept,1
817,verbunden,3
801,Potentiale,1
805,ablaufe,1
802,Prozesse,2
798,Kollation,1
809,erweiterung,1
793,Edition,9
813,normalisierung,1
810,heben,2
803,Vorteil,1
796,Flexibilitat,1
804,Zeitersparnis,1
811,hervor,2
815,schließen,2
816,uberlegung,7
808,einzelschritt,1
799,Korrektur,1
795,Fehlerquelle,1
832,Prinz,1
840,bauen,1
853,militarisceh,1
836,Tatigkeit,1
825,Habsburgerhof,1
841,bedeutend,3
839,barocken,1
820,Bibliothek,1
859,rund,3
855,objekten,1
848,heute,5
827,Kernbestand,1
842,bilden,8
838,Visualisierung,12
834,Sammlung,6
851,kontrasen,1
852,materiell,1
818,Anordnung,1
833,Prunksaal,1
823,Ermoglichung,1
849,hybrid,1
858,raumlichen,1
821,Blicks,1
846,ergeben,2
856,parallel,1
831,Prasenz,1
854,multiplen,1
828,Klassifikation,1
843,buch,1
819,Bestandskatalog,1
860,steuern,1
847,farblich,1
861,typologisch,2
850,klassifikation,1
835,Supralibros,1
845,einband,1
837,Taxonomie,1
844,distant,3
822,Einreichung,3
830,Multi,1
829,Kunftiger,1
857,projekt,3
824,Feld,2
826,Historischer,2
868,Vortrag,10
871,beachtet,1
866,Konzept,6
862,Asthetik,3
863,Autorschaft,1
880,tubing,1
874,englisch,4
867,Neuzeit,1
878,reflexionen,2
872,co,1
876,kreativ,1
877,prozesse,1
881,weitgreifend,1
875,gewinnen,3
864,Corefannotator,1
865,Großeren,1
879,systematisiert,1
870,asthetisch,1
873,ebenfalls,2
869,adressieren,2
882,Artikel,1
890,versuchen,2
889,teilbereich,3
884,Forschungsfeld,1
885,Game,2
887,fallen,1
883,Dialog,1
888,starten,2
886,befordern,1
919,mehr,3
894,Kollaboration,2
924,vergleichend,2
895,Standard,2
902,basierend,6
923,tabellarisch,1
906,datenformat,1
908,dienen,6
897,Wissenschatz,1
918,linguistisch,2
910,erschließen,4
901,aufzubereiten,1
898,aggregiert,1
914,integrieren,2
896,Transparent,3
899,analysieren,5
900,anfanglich,1
903,bemuhen,1
909,erfolgreich,4
911,erweisen,1
925,zuerst,2
907,denken,2
916,leicht,2
891,Außerst,1
915,komplziert,1
893,Herausgestellt,1
905,cldf,1
913,großt,1
917,lexikalisch,2
912,grammatisch,1
921,sprachdat,1
892,Ende,1
904,bisher,8
922,standardformat,1
920,sehen,3
928,Digitalisierung,5
936,Verknupfung,2
944,kulturerbedat,1
939,eroffnen,2
942,intangibel,1
933,Objektdat,1
935,Strukturiert,1
927,Biografiedat,1
926,Bestande,1
932,Lander,1
937,Wissensgraphen,1
943,intavia,1
940,frontend,2
929,Inkl,1
930,Karte,2
945,netzwerk,2
947,zeitstrahlen,1
946,visuell,5
934,Projektes,2
941,implikation,1
938,digitalisiert,1
931,Kulturerbedat,1
955,beitrags,1
966,requisit,1
960,dramentexten,1
950,Gesamtheit,1
953,Requisit,2
959,dramen,2
951,Jahrhundert,9
949,Enthalt,2
954,Verteilung,2
958,dramatisch,1
952,Quantifiziert,1
957,chronologisch,1
962,genrebezog,1
964,großer,1
963,geraten,1
965,kanonisch,1
948,Bild,4
961,ermoglich,5
956,betrachtet,1
967,zeitraums,1
986,jahrlich,1
991,stattfindend,1
973,Tagung,4
979,dhd,4
992,stell,3
978,ca,1
974,angenommen,2
972,Schaufenster,1
976,arbeitend,1
981,folg,1
990,prasentier,3
971,Reprasentier,1
995,zehnt,1
968,Jahrestagung,1
977,blicken,1
982,folgend,3
994,vergangen,3
984,inwieweit,1
987,konstant,1
970,Muster,1
989,phanomene,2
980,erkennen,2
988,lassen,9
975,angereichert,1
969,Jahrestagunge,1
985,jahrestagung,1
993,strukturell,1
983,inhaltlich,2
998,Erforder,1
1017,schnittstell,3
1001,Spezielle,1
1010,beantwort,1
1015,individuell,1
996,Anforderunge,1
1013,essentiell,1
1003,Transkription,3
1000,Normalisierung,3
1012,durchfuhren,3
1018,schwierigkeit,1
999,Konne,7
1019,ubergang,1
1009,auftreten,1
1005,Ware,2
1014,etwa,2
1006,Wechsel,1
1002,Transkribierten,1
997,Ediarum,1
1011,digedtnt,1
1016,optimiert,1
1008,arbeitsablaufe,1
1007,anleitungen,1
1004,Ubergange,1
1037,entstehen,9
1025,Masterarbeit,1
1042,nfdi,1
1023,Konsortium,1
1040,geplanen,1
1041,gerade,3
1031,befindlich,1
1028,Registry,1
1029,anregen,1
1032,beruh,1
1022,Interview,1
1038,fuhren,3
1027,Register,1
1020,Gedruckt,1
1033,digitalisierter,2
1034,editionen,6
1046,umfassen,4
1021,Gelegenheit,1
1048,vielfach,3
1024,Lucke,1
1044,prosperierend,1
1045,tatsachlich,1
1030,bedurfnissen,2
1026,Nutzer,2
1043,potenziale,1
1036,eingegang,1
1039,gemeinsamkeit,1
1047,verschiedenen,1
1035,editionsformat,1
1071,vadis,1
1050,Beantwortung,3
1067,scheinen,1
1068,sinnvoll,3
1061,betrachten,4
1049,Anklang,1
1052,Disziplin,1
1063,gefund,1
1051,Betrachtung,3
1070,treffen,1
1058,Theologie,1
1064,gering,3
1054,Faktor,1
1053,Engagement,2
1059,ablehnen,1
1072,verstehen,2
1065,label,1
1056,Phanomene,1
1062,fahren,3
1069,spezifisch,3
1057,Praktik,1
1055,Label,1
1060,beitragen,3
1066,nachvollzieh,1
1078,Thesaurus,1
1092,linguae,1
1087,einsprachig,1
1081,Worterbuch,1
1079,Verwendungen,1
1091,lateinisch,2
1080,Worter,1
1082,antik,1
1093,quellen,5
1096,verzeichnen,1
1074,Disambiguation,1
1083,basieren,3
1085,bern,2
1075,Finegetuned,1
1086,bilstm,1
1073,Architektur,2
1089,erzeugt,1
1088,ergaben,1
1090,hoh,1
1094,robust,1
1076,Leistung,1
1095,unterschied,1
1077,Organisation,3
1084,berichten,4
1108,eigentlich,1
1114,werk,2
1105,autorinn,1
1101,Kanon,2
1113,sichtbar,2
1097,Editionswesen,1
1112,relativ,1
1099,Faktum,1
1109,geschulden,1
1115,werkzeug,1
1098,Erzeugung,1
1116,μedition,1
1102,Schwelle,1
1111,reduzier,1
1103,Team,1
1100,Finanzierung,1
1106,bearbeit,1
1104,Veroffentliche,1
1110,hoffen,1
1107,breit,5
1126,epigreffen,1
1119,Erfassung,4
1133,textdat,1
1120,Inschrift,1
1131,schrittweise,1
1127,geoffnet,1
1123,Verortung,2
1117,Datenmodell,1
1118,Epigraf,1
1129,institutionell,1
1128,gleichzeitig,1
1125,detailliert,2
1134,tiefgehend,1
1121,Strukturierung,2
1132,statistisch,3
1124,ausrichten,3
1122,Tei,4
1130,modellierungen,1
1135,unterstutzt,3
1136,April,2
1146,Strategie,4
1156,veroffentlichen,2
1140,Gesellschaft,4
1150,entfalt,1
1143,Potenzial,3
1149,diverser,3
1145,Startpunkt,1
1139,Entfaltung,1
1144,Potenzials,1
1147,ausarbeiten,1
1155,verfolgen,1
1151,entfalten,1
1142,Meister,1
1157,vortrag,2
1152,nova,1
1148,begin,1
1141,Koln,1
1138,Digibyzseal,1
1137,Datenqualitat,4
1153,projeken,2
1154,veranschaulichen,1
1158,Aufstieg,1
1179,wichtig,3
1162,Genre,1
1163,Kultur,4
1164,Method,2
1173,momentan,1
1177,sprachig,1
1166,Prasentier,2
1159,Fanfiction,1
1167,akquise,1
1172,metadaten,4
1174,plattform,2
1160,Fanfiktion,1
1165,Name,1
1169,fest,2
1178,weiblich,1
1171,mannlich,1
1161,Figur,5
1175,romantisch,1
1176,schreiben,3
1168,diskutier,1
1170,limitation,1
1185,Fachdiskussion,1
1192,Philosophie,7
1202,informierte,1
1190,Mining,1
1181,Begrenzung,1
1204,mangelnd,2
1196,agnostischen,1
1203,interaktiv,4
1183,Exploration,7
1212,umrissen,1
1187,Konnen,2
1205,moglichst,3
1213,unabhangig,2
1208,sprach,1
1189,Menge,2
1199,erkunden,1
1206,multilingual,2
1193,Sprachmodell,1
1198,einerseits,1
1209,topologisch,1
1191,Modeling,1
1197,andererseits,1
1200,erstell,2
1182,Embedding,1
1188,Korpus,3
1180,Annotiert,1
1186,Hilfe,8
1195,Textkorpus,4
1207,navigieren,1
1184,Exploriert,1
1194,Textkorpora,1
1201,explorieren,1
1210,ub,1
1211,uberzugeh,1
1217,Diskmag,1
1233,verbreiten,2
1225,ausschließlich,1
1218,Disks,1
1220,Medium,2
1227,kulturszen,1
1214,Animation,1
1232,untereinander,1
1216,Austauscht,1
1235,vorgestellt,2
1219,Katalog,1
1223,Titel,1
1237,zehntausend,1
1215,Ausgabe,2
1226,erstmals,1
1230,recherchierbar,1
1221,Mithilfe,2
1229,methoden,1
1228,magazin,1
1234,volltextsuch,2
1231,thematik,1
1222,Nachgenutzt,1
1236,werten,1
1224,angewendet,1
1280,wechselseitig,1
1254,aufeinander,1
1258,bezog,1
1246,Kunstgeschichte,1
1264,hinterfragt,2
1267,moglichkeit,6
1242,Datenanalysen,1
1272,reflekti,1
1277,transformativ,1
1251,Wirkung,1
1256,bergen,1
1244,Kombination,8
1249,Potential,3
1238,Artefakte,1
1270,prozessen,1
1262,fachlich,1
1248,Perspektiv,1
1265,manifestier,1
1274,schwer,1
1252,alternativ,2
1241,Blickwinkel,1
1260,einnehmen,1
1253,arbeitsablauf,1
1273,schlag,2
1240,Begriff,2
1245,Konzeptraum,1
1266,meinen,1
1279,vorstellbar,1
1278,ubersetzung,1
1259,denksystemen,2
1263,heraus,1
1269,produziert,1
1247,Lesart,1
1257,bevorzug,1
1255,behindern,1
1268,pladi,1
1275,sozial,3
1243,Erarbeitung,1
1271,prufen,2
1261,erkenntnisweren,1
1239,Bearbeitung,1
1250,Substantiell,1
1276,steigern,1
1284,Methods,1
1287,Zusammenhang,1
1283,Landscape,1
1295,prosatext,1
1286,Realismus,2
1294,lautstarkeweren,1
1290,eigens,1
1293,konfliktwert,1
1291,heuristisch,2
1288,berechnen,1
1285,Naturalismus,1
1281,Ablehnung,1
1289,burgerlichen,1
1292,hoheren,1
1282,Gerausch,1
1296,wiederspiegeln,1
1320,sprachmodelle,1
1316,large,1
1327,zeigen,13
1300,Emergent,1
1310,abilit,1
1309,Vorlaufern,1
1323,unterscheiden,2
1301,Fahigkeit,1
1299,Context,1
1315,icl,2
1322,uberwacht,1
1326,vortrainiertes,1
1305,Model,1
1304,Mithilf,1
1302,Feinabzustimme,1
1298,Beschreibung,1
1312,auszufuhrend,1
1297,Aufgabe,5
1313,besteh,1
1318,problem,1
1308,Technik,3
1311,auslot,1
1325,versuch,1
1307,Resultat,2
1319,reproduzier,1
1321,ubertreffen,1
1324,verhaltnismaßig,2
1317,niedrig,1
1314,erzielt,1
1306,Reflektier,1
1303,Gegenwartig,1
1328,Aufsatz,1
1334,emotion,3
1332,Lyrik,4
1330,Dramen,1
1342,verfugbar,5
1333,bestand,1
1329,Dram,1
1340,trainieren,2
1331,Emotion,1
1337,prosa,1
1336,losen,1
1343,weitergehend,1
1341,ursach,1
1335,emotionsgruppen,1
1339,textmaterial,1
1338,suchen,2
1348,Thesenpapier,1
1351,betonen,2
1356,erzielen,1
1345,Material,2
1360,sinn,1
1357,handeln,3
1346,Schatz,2
1344,Kunstler,1
1358,netzwerken,3
1349,Verhaltnis,2
1361,thesen,1
1359,prasentieren,4
1362,weiterfuhrend,1
1350,aufzeigen,4
1355,erganzung,1
1347,These,2
1354,enthalten,1
1352,bewusst,1
1353,darstellen,2
1387,fundieren,1
1367,Gestik,2
1364,Ausdruck,1
1399,nonverbal,1
1368,Kommunikation,1
1372,Relevanz,2
1380,bildend,2
1369,Kunst,5
1405,vereinzelt,1
1381,desiderat,1
1379,begegnen,2
1396,konzentri,1
1401,quantitativ,3
1388,fundiert,1
1389,fußen,1
1370,Module,1
1390,gelenkpunkt,1
1397,menschlich,2
1382,detektieren,1
1394,human,2
1400,pos,2
1366,Estimation,1
1392,hpe,2
1384,effizient,1
1391,handhabbar,1
1363,Abstraktion,1
1375,Skelett,1
1386,figural,1
1385,erzeugen,2
1371,Punkt,1
1374,Semantisch,1
1377,Uberfuhrt,1
1398,nah,1
1406,zueinand,1
1376,Support,1
1403,typisieren,1
1373,Retrieval,1
1393,hpr,2
1402,rein,1
1395,individual,1
1378,aggregateben,1
1365,Durchgefuhrt,1
1383,deutlich,2
1404,uberwachten,1
1410,Pfeiler,1
1416,quasi,1
1407,Anlaufstelle,1
1415,kollaboration,1
1414,fehlermeldung,1
1409,Mitarbeit,1
1408,Meldung,1
1413,erfolgt,1
1412,Ruckmeldunge,1
1417,redaktion,1
1411,Prasentiert,1
1440,philosophisch,3
1424,Fragmentarisch,1
1439,organisiert,1
1423,Erfahrt,1
1438,neuartig,2
1436,genuin,1
1420,Chance,3
1444,worterbuch,1
1437,lemmatalist,1
1431,Wikis,1
1432,abbilden,1
1443,visualisiern,1
1429,Rezipiert,1
1442,semantisch,3
1418,Akademie,2
1434,digitalitat,2
1426,Mitwirkung,1
1425,Hannover,1
1422,Digitalitat,4
1427,Neudeutung,1
1428,Philosophische,1
1421,Deutung,1
1433,begriffe,1
1419,Aspekt,6
1435,diskurs,1
1441,reflexion,1
1430,Spannungsfeld,1
1455,urfehdebuch,1
1448,Stadt,6
1453,prozesses,1
1445,Darunter,1
1454,tei,4
1452,kategorie,1
1446,Ontologie,3
1449,Webentwicklung,1
1456,verbessern,2
1447,Overhaul,1
1451,dokumentieren,3
1450,auszuloten,1
1468,unteruch,1
1466,rhetorisch,3
1467,serbisch,2
1464,modellen,1
1457,Kategorisierung,1
1458,Notwendigkeit,1
1465,ontologien,1
1462,hervorzuheben,1
1459,Ontologi,2
1463,mehrsprachig,1
1460,Vereinigung,1
1469,vorig,1
1461,bezuglich,2
1488,henze,1
1472,Briefausgabe,1
1478,Nachnutzung,4
1477,Infrastruktur,3
1489,vordergrund,1
1490,wesentlich,3
1473,Datenschemata,1
1481,Seite,2
1475,Fall,2
1484,aufbauen,5
1487,gestaltete,1
1482,Separat,1
1470,Abhangigkeit,1
1479,Originals,1
1480,Ruckfuhrung,1
1474,Erweiterunge,1
1485,entwickelt,1
1483,ansatz,5
1476,Fehlschlage,1
1471,Ausgewahlter,1
1486,erorteren,2
1508,eingehend,1
1499,Quellenmaterial,1
1514,verschiedenst,1
1497,Natur,1
1504,aufwendig,1
1492,Anspruchsvoller,1
1509,ganzheitlich,1
1495,Inhalt,2
1501,Verlasslichkeit,1
1496,Intention,1
1500,Relevant,2
1503,annotation,1
1505,behilflich,1
1498,Quelle,2
1506,bekommen,1
1515,widerspruch,1
1516,zusammenhange,1
1494,Hervorzuheben,1
1510,multimodal,3
1491,Annotierung,1
1507,bildern,1
1512,texen,1
1511,notig,2
1493,Automatisierung,1
1502,abzeichn,1
1513,verdeutlich,1
1528,algorithm,1
1543,scheinbar,1
1531,authentisch,1
1527,Tatsachlich,1
1535,fiktiv,1
1539,inhalt,3
1536,generi,1
1524,Musse,1
1544,sofort,1
1519,Erwagung,1
1548,ziehen,3
1546,vorliegend,3
1542,objekt,3
1537,hervorgegang,1
1530,artifiziellen,2
1541,neriern,1
1529,artifiziell,2
1547,wertlos,1
1520,Fiktive,1
1540,inhalten,1
1532,beruhen,1
1522,Institution,4
1545,ubernehmen,2
1538,identifikation,1
1525,Option,1
1533,daraus,1
1521,Forschungsfrage,2
1534,erweitert,1
1518,Authentizitat,1
1526,Sicherstellung,1
1517,Artifizialitat,1
1523,Losung,2
1561,begonnen,1
1558,angesetzt,1
1550,Heinrich,1
1556,Schule,1
1566,munst,2
1565,mathematisch,1
1552,Logik,1
1564,hochgradig,1
1570,vernetzt,1
1554,Mathematiker,1
1553,Logiker,1
1562,editieren,1
1568,umfangreich,5
1551,Katalogisierung,1
1567,nachlasses,2
1560,baustein,1
1563,erganz,1
1549,Folgeschritt,1
1571,vorbereit,1
1559,aushandeln,1
1557,Zustand,1
1555,Projektteam,1
1569,verankert,1
1588,existieren,2
1584,archiv,1
1580,Repositorien,1
1592,warum,1
1578,Formate,1
1591,transformieren,1
1593,weiterhin,2
1575,Denkmalbestand,2
1585,denkmalbestand,1
1590,python,1
1579,Python,1
1577,Folium,1
1583,abzuleiten,1
1576,Fallbeispiel,1
1572,Berliner,1
1581,Zeitpunkt,1
1582,Zusammenfuhrung,1
1586,denkmallisten,1
1574,Brd,1
1587,erst,1
1573,Bewegung,1
1589,gerat,1
1599,Prasentation,3
1597,Mediathek,2
1608,darstellend,2
1614,vernetzen,1
1603,Webplattform,1
1596,Linked,1
1609,data,7
1605,audiovisuell,1
1595,Aufzeichnung,1
1601,Tanz,2
1600,Projektpartner,1
1602,Verfugung,2
1604,Zug,2
1598,Pipeline,1
1606,backend,1
1594,Auffuhrung,1
1610,datensammlung,1
1611,interessant,1
1615,zudem,1
1613,rechtlich,1
1612,plattformen,5
1607,beitrag,1
1624,Textklang,2
1620,Realisierung,2
1635,phonetisch,1
1623,Textanalyse,1
1627,audio,1
1636,rezitationen,1
1616,Gedicht,1
1633,hauptsachlich,1
1622,Romantik,1
1628,audioaufnahmen,1
1621,Repositorium,1
1625,ablegen,1
1629,audioeben,1
1626,annotiern,1
1617,Hauptwerkzeuge,1
1618,Komplex,2
1637,suchanfrag,1
1631,eroffn,1
1630,eben,3
1638,zusammenfuhr,1
1619,Poster,29
1632,genannt,3
1634,integrativ,1
1639,Detection,1
1648,passag,1
1643,distinkt,1
1647,identifizieren,2
1651,trd,2
1653,vermehrt,1
1644,einsetzen,3
1652,typisch,1
1650,sprachdaten,1
1646,fehlend,2
1640,Durchfuhrung,1
1645,erschweren,1
1641,ansatze,5
1642,anwendbarkeit,1
1649,ripuarisch,1
1656,arthistocast,1
1657,drehen,1
1655,Kunstgeschicht,1
1654,Fach,1
1658,zug,2
1687,textfassung,2
1660,Aufweist,1
1676,doppelt,1
1678,editorisch,1
1668,Prazision,1
1693,zeitokonomisch,1
1682,leistbar,1
1671,anforderung,1
1684,nutzend,1
1691,vollstandig,1
1690,textvergleich,1
1680,gebieten,1
1688,textkritisch,1
1663,Entscheidung,1
1664,Gesamtausgabe,1
1681,konfrontieren,1
1666,Lera,1
1667,Locate,1
1672,apprehend,1
1661,Berechnung,1
1669,Textvariant,1
1662,Close,2
1659,Alignierung,1
1665,Großerer,1
1689,textsegmenen,1
1675,detailvergleich,1
1692,zeicheneben,1
1679,explorativ,1
1670,abweichungen,1
1686,synoptisch,2
1673,bedarfe,1
1674,decken,1
1683,mehrwert,1
1677,dritter,2
1685,profitier,1
1717,theologisch,1
1696,Lehrwerk,1
1697,Lineare,1
1700,abbildet,1
1710,graphen,2
1701,begleitend,1
1706,erlauternd,1
1708,exegetisch,1
1703,diagramm,1
1712,illustration,2
1711,heilsgeschicht,1
1698,Westen,1
1699,Zeuge,1
1695,History,2
1694,As,1
1707,erstmal,1
1716,samtlich,1
1714,komponenten,1
1704,diagramme,1
1713,innovativ,1
1705,edieren,2
1702,derartig,1
1709,facettenreich,1
1715,notwendig,1
1718,Arbeitsstand,1
1723,Narrative,2
1719,Computational,2
1731,fordern,5
1732,narrativ,1
1733,national,2
1721,Identitat,1
1734,roman,1
1727,Zielsetzung,1
1730,entsprechen,2
1735,zusammensetzung,1
1724,Projektgruppe,1
1726,Wissenschaftler,4
1720,Germanistik,2
1725,Romanistik,1
1729,digital_humanitieser,2
1722,Mathematik,1
1728,bestehen,1
1750,Zusammenarbeit,4
1756,forschenden,1
1737,Burger,1
1755,erfreut,1
1765,wachsend,1
1736,Beliebtheit,1
1747,Teilnehmend,1
1762,teilweise,2
1754,citizen_science,1
1753,burg,1
1745,Osterreich,1
1740,Forscht,1
1766,zooniverse,1
1746,Spezialisierte,1
1743,Linguistik,1
1757,kunstgeschicht,2
1749,Ubersetzung,2
1751,abdecken,1
1742,Landschaft,3
1748,Teilnehmende,1
1739,Forschende,1
1764,unterstutz,1
1741,Gemeinschaft,4
1763,uberlassen,1
1738,Citizen_science,1
1744,Linie,1
1759,projekteben,1
1761,stattfinden,1
1752,bleiben,2
1760,projektgrenzen,1
1758,mehrweren,1
1769,Eignung,3
1780,computerspiel,2
1767,Archiv,2
1782,gelebt,1
1773,Manifestation,1
1785,videospiel,1
1768,Betont,1
1778,Verwandtschaft,1
1781,computerspielen,1
1779,argumentieren,2
1774,Multimodalitat,1
1775,Prozeduralitat,1
1771,Korperlichkeit,1
1770,Korperbewegung,1
1784,unterfuttert,1
1777,Schutz,1
1776,Regen,1
1783,gemeinschaft,1
1772,Kulturtragern,1
1790,daidalos,3
1794,klassisch,1
1786,Philologie,1
1798,verwandt,1
1788,anzuwend,1
1796,potentiell,1
1797,user,1
1792,erstrecken,1
1789,dadurch,3
1793,erwartend,1
1787,Vorzubeug,1
1795,lernangebot,1
1791,ermoglichen,2
1800,durchsuchen,1
1802,fiktionalen,2
1801,erscheinen,2
1803,forschungsinf,1
1799,Rastruktur,1
1804,garantieren,1
1805,vereinfachen,1
1815,geplant,3
1814,gefordert,4
1809,Reisehandbucher,1
1817,rasting,1
1816,herausgegeben,1
1818,reisehandbucher,1
1811,angereicheren,1
1819,subjektiv,1
1808,Quantifizierbar,1
1813,erinnernswert,1
1812,empfunden,1
1807,Ort,1
1806,Extrahiert,2
1810,Stadtplan,1
1820,verorten,1
1829,ehrenamtlich,1
1825,Podcastprojekt,1
1824,Podcast,3
1830,gesprach,1
1822,Mitglied,1
1835,vorstanden,1
1827,Verband,1
1828,begleiten,2
1834,vergleichbar,2
1823,Oral,1
1832,redaktionell,3
1833,starken,1
1821,Indikator,2
1831,radioaktiv,1
1826,Spiegel,1
1841,Jahrzehnt,2
1842,Rasant,1
1855,langst,1
1846,ankommen,1
1838,Diagramme,2
1850,einzigartig,1
1849,einblick,6
1839,Editionspraxis,1
1845,Werkzeug,5
1851,entschlusseln,1
1854,korrekt,1
1840,Interpretation,2
1857,thematisch,3
1836,Annaherung,1
1853,insgesamt,1
1844,Semiologie,1
1856,skalenmodell,1
1848,dimension,2
1843,Semantik,1
1847,diagrammen,1
1837,Aussage,1
1852,grafisch,1
1878,nieder,1
1858,Bericht,2
1859,Detail,1
1865,Ubertritt,1
1881,reformiert,1
1876,katholisch,1
1862,Glaube,1
1872,einzigartigen,1
1877,lebensweln,1
1861,Frau,2
1869,daraufhin,1
1880,preußen,1
1882,verstoßen,1
1860,Existenz,1
1864,Memoire,1
1884,zeichnen,1
1867,außergewohnlich,1
1879,prazis,1
1875,fwf,1
1873,finanziert,1
1874,franzosisch,1
1863,Macht,1
1866,angewandt,2
1871,eingehen,1
1870,datenmodell,1
1883,vorstell,1
1868,besonder,1
1893,semantik,1
1890,aufbereiten,2
1885,Hermeneutisch,1
1891,ausgewerten,1
1889,Synchrone,1
1888,Kulturraum,1
1886,Konferenzposter,1
1894,skizzieren,2
1895,spanisch,1
1887,Korpusanalyse,1
1892,naturbegriffs,1
1913,klosterliche,1
1921,rechnungsbuch,1
1897,Alltag,1
1914,monchen,1
1899,Geschichte,2
1932,zuletzt,1
1916,naturlich,1
1906,angelegenheit,1
1900,Kloster,1
1927,umfanglich,1
1898,Aussagekraft,1
1919,quellenweren,1
1907,ansetzen,1
1901,Rechnungsbucher,1
1931,verwehren,1
1917,oft,4
1915,namlich,1
1929,unabsichtlich,1
1933,zumeist,3
1928,umso,1
1904,Wertvoller,1
1908,ereignisse,1
1903,Vorkommnisse,1
1926,ubrig,1
1924,schriftlich,1
1902,Uberlieferung,2
1910,fehlen,3
1905,aldersbach,1
1912,idealtypisch,1
1930,vergleichsweise,2
1923,schlecht,1
1909,erforschen,1
1920,rechnung,1
1925,tatsachen,1
1896,Aldersbach,1
1922,religios,1
1911,geradezu,1
1918,prototypisch,1
1938,erweitern,4
1937,ergrunden,1
1939,hinterfragen,1
1935,Zentralasien,1
1940,verlaufen,1
1934,Communityspaces,1
1936,einbeziehen,1
1954,lehrtatigkeit,1
1945,Lehrer,1
1941,Einfluss,1
1949,Schuler,1
1956,pragen,1
1955,maßgeblich,1
1946,Mineralogie,1
1944,Geologie,1
1958,systematiken,1
1948,Sammlunge,1
1957,strukturieren,1
1951,auswertung,1
1952,genutzt,1
1950,Wert,1
1943,Fachgebiet,1
1953,lehren,1
1942,Entstehung,1
1947,Primarquelle,1
1976,germanistisch,2
1979,teils,3
1962,Geschichts,1
1975,gend,1
1980,verankern,1
1978,schildern,1
1966,Studierende,1
1961,Bachelor,1
1963,Kompetenz,3
1973,fachwissen,1
1971,emergent,1
1964,Medialitat,1
1972,erwerben,1
1974,fragen,1
1960,Alteritat,1
1977,mediavistisch,1
1969,diskursen,2
1959,Algorithmizitat,1
1967,bewahren,1
1968,diesbezuglichen,1
1965,Practices,1
1970,einsicht,1
2006,illustrieren,1
1990,Patiententext,1
2007,konsequent,2
2003,etabliert,4
2013,verteilen,1
1984,Datengrundlage,1
2002,erlang,1
2004,flexibel,1
2001,entstanden,1
2008,korpus,2
1991,Patiententexte,1
1985,Format,1
1994,Umfasst,1
2012,uberwiegend,1
1996,abgeschickt,1
1982,Brief,3
2010,patientinn,1
1989,Patient,1
1988,Lebenslaufe,1
2009,notizen,1
1997,angehorig,1
2005,greifen,1
2015,zuverlassig,1
1983,Community,3
1981,Adaptierte,1
1986,Github,1
2014,zuruck,1
1998,copadocs,1
1999,dynamisch,2
1987,Komponente,2
2000,editionsinhalt,1
1995,Verbindung,1
2011,softwar,1
1992,Schreibweisen,1
1993,Textarchivs,1
2051,reichstagsaken,1
2032,Volltext,1
2020,Fassung,1
2024,Internet,1
2059,zeitgenossisch,1
2041,datumsangaben,1
2030,Ublicherweise,1
2034,Zahl,1
2028,Tag,2
2046,heiligen,1
2022,Festtag,1
2057,verweisen,1
2021,Feria,1
2026,Montag,1
2053,st,1
2016,Bande,1
2040,datierung,1
2019,Datum,1
2047,julianisch,1
2025,Kalend,1
2038,bandbearbeit,1
2018,Datierung,1
2052,speziell,2
2048,mittlerweile,1
2045,grotefend,1
2039,bestimmbar,1
2031,Versuch,1
2027,Struktur,3
2035,abbild,2
2017,Corpus,1
2055,unitex,1
2033,Worterbucher,1
2043,fraglich,1
2042,enitat,1
2036,abzuleit,1
2029,Tagging,1
2058,wochentag,1
2023,Heiligenname,1
2050,probiert,1
2044,graph,3
2049,modifizi,1
2056,verallgemeinern,1
2054,textzeugen,1
2037,anwenden,1
2067,international,1
2061,Joint,1
2072,universitat,2
2070,spektrum,1
2069,kurs,1
2071,studierend,1
2065,anzubiet,1
2063,Studienprogramm,1
2064,Studierend,2
2060,Bedient,1
2062,Studiengang,1
2066,europaisch,2
2068,konstituiert,1
2082,vorstelllen,1
2078,Suchspiel,1
2076,Materi,1
2080,buddhistisch,2
2075,Hohlenmalereie,2
2081,find,1
2074,Forschungsthema,1
2077,Offentlichkeit,1
2079,ahnlich,1
2073,Anregung,1
2094,fortext,5
2090,Verbreitung,1
2100,vorantreiben,1
2101,zentraler,1
2084,Bestandteil,1
2086,Portal,2
2088,Projektphase,1
2083,Access,2
2098,journals,2
2096,heft,3
2087,Portalinhalt,1
2095,gebundelt,1
2085,Lehrende,1
2091,außerdem,3
2089,Themenheft,1
2093,bewahrt,1
2099,teilen,1
2092,betreiben,1
2097,hefte,1
2114,geoda,1
2119,ortsdaten,1
2109,alleinig,1
2118,oftmals,1
2121,raumlich,2
2125,topographisch,1
2122,stadt,1
2116,komparativ,1
2120,polnisch,1
2103,Case,1
2110,ausgewahlen,1
2112,dahinter,1
2117,lauten,2
2104,Funktionalitat,1
2106,Morphologie,1
2123,stadtraume,1
2108,allein,1
2111,ausreichend,1
2105,Komplexitat,1
2126,verarbeitend,1
2113,erhoh,1
2107,Sodas,1
2124,tiefergehend,1
2102,Bedarf,1
2115,illustrative,1
2135,variabel,1
2136,wirtschaftlich,2
2131,glockenguß,1
2128,Glocke,2
2133,kostspielig,1
2130,dauerhaft,2
2129,Investition,1
2137,zusatzlich,2
2132,karteikart,1
2127,Einschmelzung,1
2134,planen,1
2159,laufend,1
2143,Dfg,1
2146,Leitung,1
2144,Glam,2
2145,Grundung,2
2138,Agentur,2
2140,Beratung,1
2150,Unterstutzung,1
2155,einrichtung,1
2160,normdat,1
2139,Anreicherung,1
2148,Thuringer,1
2162,univerisitats,1
2161,regional,2
2142,Betreuung,1
2147,Normdatenarbeit,1
2163,zweitens,1
2149,Toolbox,1
2156,genaueren,1
2154,effektiveren,1
2151,abgleich,1
2158,kulturdaten,1
2153,davon,2
2164,zwischenfazit,1
2157,jahrig,1
2141,Beteiligung,1
2152,bedeuten,1
2166,Entwurf,1
2171,Netzwerk,4
2188,vorarbeien,1
2187,verschiede,1
2175,ausgepragt,1
2169,Kern,1
2178,formalisieren,1
2167,Formalisierung,1
2180,gewahren,2
2179,fortschreitend,1
2186,us,1
2177,experience,1
2173,Toolentwicklung,1
2174,Zoomstufe,1
2185,text,2
2182,miteinander,2
2181,jeweils,1
2183,praxeologisch,1
2170,Methodische,1
2189,zugange,1
2184,struktural,1
2165,Detailliert,1
2172,Reading,1
2176,beteiligen,1
2168,Formulierung,1
2207,amerikanisch,1
2206,Unternehmen,1
2202,Opanai,1
2209,ausgelo,1
2213,hochschullehr,1
2203,Reaktion,1
2195,Initiative,2
2198,Leben,2
2216,rufen,1
2204,Stiftung,1
2196,Innovation,2
2214,hochschullehrer,1
2197,Innovative,1
2199,Lehr,1
2215,lernangeboten,1
2210,ausloten,1
2194,Idealfall,1
2191,Besonderheit,1
2192,Fachrichtung,1
2211,betreut,1
2205,Teilprojekt,1
2201,Musik,2
2200,Multimodaler,1
2193,Gegensatz,1
2190,Beschrankt,1
2212,beziehen,1
2217,semest,1
2208,angelegt,1
2218,teilprojekt,1
2222,Kieler,1
2223,Kolophone,1
2226,handschrift,2
2225,Mittelalter,1
2220,Etablierter,1
2228,virtuell,1
2219,Arbeitsumgebung,1
2227,implementieren,2
2224,Kolophonen,1
2229,zusammenwirken,1
2221,Fachlich,1
2235,weiterbildend,1
2234,hintergrund,1
2233,Verortet,1
2231,Situierung,1
2230,Data,1
2232,Stewardship,1
2238,Programm,1
2247,heutzutage,1
2244,digitalisat,1
2249,intuitiv,1
2243,bw,1
2240,Tubing,2
2246,gedruckt,1
2236,Aufgebaut,1
2242,beraten,1
2250,seitdem,1
2241,bad,1
2237,Know,1
2239,Serviceangebot,1
2245,erlauteren,1
2248,informieren,2
2252,Grundbuch,1
2262,handschrifltich,1
2261,eintrag,1
2265,transaktion,1
2267,zettelka,1
2266,wandelnd,1
2253,Layoutanalyse,1
2260,datenstande,1
2254,Maschinell,1
2263,lernverfahren,1
2258,ausgewertet,1
2251,Befund,1
2264,liegenschafn,1
2259,bewohner,1
2257,Risiko,1
2256,Neuronaler,2
2255,Netz,2
2271,akademisch,1
2274,einbinden,2
2282,zielfuhrend,1
2277,lehrkrafen,1
2269,Fachwissen,1
2281,verfugen,1
2278,methodenkast,1
2276,lehr,1
2272,ausgebildet,1
2275,fachbereich,1
2273,betroffen,2
2279,veranstaltung,1
2270,Stakeholder,1
2268,Ausblick,1
2280,verband,1
2303,vorgeschlagen,2
2285,Schwalbach,1
2291,Vergleich,2
2302,verzogert,1
2293,feldes,1
2300,uberprufen,2
2288,Teilprojektes,1
2297,referenzrahm,1
2283,Politiker,1
2298,rekonstruieren,1
2294,inwiefern,1
2301,verhaltniss,1
2296,politisch,2
2299,rosengren,1
2284,Pythonbasierter,1
2286,Suchalgorithmus,1
2290,Verarbeitung,1
2289,Transformiert,1
2287,Suche,1
2292,direkt,1
2295,nennen,1
2307,Phanomen,1
2313,extrahiert,1
2311,abgeleitet,1
2312,explori,1
2315,interpretiere,1
2308,Prasentiere,1
2310,Theory,1
2314,generiert,1
2316,uberpruft,1
2305,Erkennbarkeit,1
2306,Hieraus,1
2309,Ruckschluss,1
2304,Anwendbarkeit,1
2326,gesprochen,4
2333,ubernimmt,1
2317,Abgeschlossen,1
2324,bereiten,1
2318,Archiviert,1
2319,Bereit,1
2336,zweck,1
2322,Mundlichen,1
2331,recherch,1
2335,wiederholungen,1
2332,source,1
2328,machtig,1
2320,Filter,1
2321,Funktion,1
2334,wiederholung,1
2327,komplex,1
2325,festlegbar,1
2330,pragmatisch,1
2329,muhsam,1
2323,Musst,1
2343,eingereicht,2
2349,reprasentativ,1
2345,gemeinhin,1
2348,realisierbar,1
2340,anerkennen,1
2337,Governance,1
2350,sturkturen,1
2346,geschlossen,1
2344,erkenn,1
2339,Vorschlag,1
2342,dat,1
2347,getrieben,1
2341,ansatzes,1
2338,Verzeichnung,1
2366,referenzrahmen,2
2359,eigenstandig,1
2353,Frick,1
2363,extern,1
2356,anhaltspunkt,1
2352,Fortbildunge,1
2351,Ausbildung,1
2364,geschweige,1
2361,einfluss,1
2354,Version,2
2355,Zfdg,2
2365,kommentaren,1
2358,annontieren,1
2362,entsponnen,1
2357,anmerkung,1
2360,einfließen,1
2368,Citiz,1
2370,Humanitie,1
2386,verstarken,1
2380,museen,1
2379,erfolg,1
2372,Pilotprojekt,1
2381,museumsmensch,1
2373,Schaudepot,1
2385,verfolgt,1
2382,oben,1
2383,stadtmuseen,1
2367,Anzureicher,1
2384,verbindend,1
2377,analog,1
2376,Weiterbildung,1
2375,Stadtmuseum,1
2378,ausgerollt,1
2371,Museum,1
2369,Folgeprojekt,1
2374,September,1
2390,Hybridedition,1
2396,ansiedeln,1
2394,Verlag,1
2397,ausstehend,1
2392,Schlesie,1
2389,Geborene,1
2388,Dichters,1
2395,abgebrochen,1
2398,behrend,1
2404,visuellen,1
2408,zugang,1
2405,weitreichend,1
2402,intellektuell,2
2400,diplomatisch,1
2391,Mission,1
2399,betrauen,1
2387,Auftraggeber,1
2407,zahlreich,1
2401,fiktional,1
2403,ort,1
2406,wert,1
2393,Sensitive,1
2412,denkschul,1
2410,Teilbereiche,1
2413,gebiet,1
2409,Hilfreich,1
2414,zitationsmuster,1
2411,basi,1
2419,Reflectai,1
2427,neuronal,1
2426,netz,1
2417,Bilderkennung,1
2418,Box,1
2422,bekannt,1
2421,Transparenter,1
2420,Tiefere,1
2425,mechanism,1
2428,streben,1
2424,expertenwiss,1
2423,besseres,1
2416,Bildauswahl,1
2430,verzerrung,1
2415,Aufzuzeige,1
2431,wissens,1
2429,szenegraphen,1
2445,publizier,1
2437,agiern,1
2441,bedarfen,1
2448,vorteil,1
2439,anlasslich,1
2449,zehnjahrig,1
2432,Bestehen,1
2450,zeitleiste,1
2438,aktivitaten,1
2440,aufmerksam,1
2433,Erfolg,1
2436,Vorhaben,1
2443,erreicht,1
2434,Gesprach,1
2447,vorn,1
2444,funf,1
2446,thees,1
2435,Publizieren,2
2442,eingeschatzen,1
2463,evaluiern,1
2458,Visueller,1
2461,element,3
2453,Explizit,1
2471,uberschrift,2
2459,Zeitung,3
2470,testen,1
2451,Anwendungsfall,1
2473,vorsehen,1
2460,adaquat,1
2452,Evaluation,1
2468,programm,1
2465,kriterien,1
2472,umfang,1
2455,Installation,1
2456,Laufzeit,1
2462,entscheidend,1
2467,orientiert,1
2464,institut,1
2454,Gibbs,1
2474,zielgruppe,1
2466,layoutpars,1
2469,shen,1
2457,Potenziell,1
2477,Encoding,1
2480,Kodierung,1
2485,Urkund,1
2476,Einschrankung,1
2487,flexiblern,1
2481,Monasterium,1
2479,Gestutzt,1
2491,virtual,1
2478,Environment,1
2492,vorzubereit,1
2493,workflows,1
2486,Validierung,1
2489,iterativ,1
2475,Behebe,1
2484,Transfer,1
2488,gewahrleisten,1
2483,String,1
2482,Nutzbarkeit,1
2490,urkund,1
2500,Zeitschrift,2
2501,diskursiv,1
2496,Kritisch,1
2506,zfdg,2
2498,Weg,1
2497,Produktion,1
2494,Begutachtung,1
2495,Distribution,1
2504,transparent,1
2499,Wissensdiskurs,1
2503,kennzahlen,1
2502,gestaltet,1
2505,visualisiert,1
2514,sondergerichen,1
2513,reich,1
2509,Strafverfolgung,1
2511,beteiligt,1
2508,Person,1
2507,Digitales,1
2510,Upcycling,1
2515,verfahrensakt,1
2512,munch,1
2516,Analysewerkzeug,1
2518,Textahnlichkeit,1
2517,Datenbasierter,1
2526,generisch,1
2524,fachbereichen,1
2525,fachspezifisch,1
2523,entscheiden,1
2528,zuordn,1
2519,Fachbereich,1
2529,zutreffend,1
2520,Managment,1
2521,Organizer,1
2522,ddp,1
2527,umgangs,1
2541,lexikografisch,1
2542,quellentexten,2
2535,Spanisch,1
2545,zettelkast,1
2536,archivierte,1
2531,Belegsammlung,1
2546,zetteln,1
2533,Hand,1
2543,relationalen,1
2532,Datenbank,1
2538,erfasst,1
2530,Beleg,1
2540,kodierten,1
2537,ausgezeichnet,1
2544,schematisch,1
2534,Nachteil,1
2539,gewahlt,1
2550,gehor,1
2547,Koautor,1
2548,Liste,1
2551,haufigst,1
2552,zitiert,1
2549,Standort,1
2565,Unternehmung,1
2570,demnach,1
2568,beitragende,1
2580,wurdigen,1
2573,grundsatzlich,1
2567,anzweifeln,1
2566,alltaglich,1
2553,Arbeitspraxis,1
2578,ungeklart,1
2557,Herausgeber,1
2559,Innenschaft,1
2554,Betrag,1
2577,tatigkeit,1
2579,verbuch,1
2575,positionier,1
2564,Ubersicht,1
2555,Desiderat,1
2569,besprochen,1
2572,ggf,1
2576,publiziert,1
2560,Online,1
2571,formular,1
2562,Startseit,1
2563,Teamseite,1
2558,Impressum,1
2581,zitierhinweise,1
2556,Einzelansicht,1
2561,Reprasentanz,1
2574,mitwirkenden,1
